<?xml version="1.0" encoding="UTF-8"?>
<project-private xmlns="http://www.netbeans.org/ns/project-private/1">
    <editor-bookmarks xmlns="http://www.netbeans.org/ns/editor-bookmarks/2" lastBookmarkId="0"/>
    <open-files xmlns="http://www.netbeans.org/ns/projectui-open-files/2">
        <group>
            <file>file:/C:/Users/matya/Documents/UdeC/3er%20año/Semestre%206/Programación%20II/PROYECTO_FINAL/mangopaint/src/EditTools/key.java</file>
            <file>file:/C:/Users/matya/Documents/UdeC/3er%20año/Semestre%206/Programación%20II/PROYECTO_FINAL/mangopaint/src/EditTools/Selector.java</file>
            <file>file:/C:/Users/matya/Documents/UdeC/3er%20año/Semestre%206/Programación%20II/PROYECTO_FINAL/mangopaint/src/EditTools/reloj.java</file>
            <file>file:/C:/Users/matya/Documents/UdeC/3er%20año/Semestre%206/Programación%20II/PROYECTO_FINAL/mangopaint/src/EditTools/UMLselector.java</file>
        </group>
    </open-files>
</project-private>
